DP;Departamento;MPIO;Municipio;Superficie;PopTot;Rural;Region
05;Antioquia;05001;Medellín;350,67;2634570;1,6;Región Eje Cafetero
05;Antioquia;05002;Abejorral;497,57;21622;56,7;Región Eje Cafetero
05;Antioquia;05004;Abriaquí;287,64;2872;64,2;Región Eje Cafetero
05;Antioquia;05021;Alejandría;119,47;4989;40,7;Región Eje Cafetero
05;Antioquia;05030;Amagá;89,25;32628;47,4;Región Eje Cafetero
05;Antioquia;05031;Amalfi;1301,66;28059;39,1;Región Eje Cafetero
05;Antioquia;05034;Andes;367,84;46485;47,6;Región Eje Cafetero
05;Antioquia;05036;Angelópolis;74,2;6183;55,7;Región Eje Cafetero
05;Antioquia;05038;Angostura;355,29;12190;71,8;Región Eje Cafetero
05;Antioquia;05040;Anorí;1462,81;19812;52,2;Región Eje Cafetero
05;Antioquia;05042;Santafé de antioquia;519,22;28246;32,1;Región Eje Cafetero
05;Antioquia;05044;Anza;278,17;7537;76,2;Región Eje Cafetero
05;Antioquia;05045;Apartadó;525,52;132328;14,7;Región Eje Cafetero
05;Antioquia;05051;Arboletes;693,87;32478;61,1;Región Eje Cafetero
05;Antioquia;05055;Argelia;249,95;8075;49;Región Eje Cafetero
05;Antioquia;05059;Armenia;120,72;5450;60,6;Región Eje Cafetero
05;Antioquia;05079;Barbosa;200,15;56505;51,8;Región Eje Cafetero
05;Antioquia;05086;Belmira;269,36;6436;67,5;Región Eje Cafetero
05;Antioquia;05088;Bello;141,12;570329;2,6;Región Eje Cafetero
05;Antioquia;05091;Betania;176,38;10985;59,5;Región Eje Cafetero
05;Antioquia;05093;Betulia;244,03;16722;66,6;Región Eje Cafetero
05;Antioquia;05101;Ciudad bolívar;243,9;27884;35,1;Región Eje Cafetero
05;Antioquia;05107;Briceño;396,48;8599;61,3;Región Eje Cafetero
05;Antioquia;05113;Buriticá;325,59;10105;70,3;Región Eje Cafetero
05;Antioquia;05120;Cáceres;1822,45;31368;75,7;Región Eje Cafetero
05;Antioquia;05125;Caicedo;203,99;8938;74,1;Región Eje Cafetero
05;Antioquia;05129;Caldas;126,72;86667;17,6;Región Eje Cafetero
05;Antioquia;05134;Campamento;209,83;9839;66,4;Región Eje Cafetero
05;Antioquia;05138;Cañasgordas;351,09;16487;61,4;Región Eje Cafetero
05;Antioquia;05142;Caracolí;274,76;4850;35,2;Región Eje Cafetero
05;Antioquia;05145;Caramanta;99,23;4973;48,7;Región Eje Cafetero
05;Antioquia;05147;Carepa;357,48;52540;25,1;Región Eje Cafetero
05;Antioquia;05148;El carmen de viboral;457,92;64717;37,4;Región Eje Cafetero
05;Antioquia;05150;Carolina;163,53;4242;21,7;Región Eje Cafetero
05;Antioquia;05154;Caucasia;1525,44;98488;10,3;Región Eje Cafetero
05;Antioquia;05172;Chigorodó;685,68;62675;14,2;Región Eje Cafetero
05;Antioquia;05190;Cisneros;46,11;10495;10,9;Región Eje Cafetero
05;Antioquia;05197;Cocorná;233,55;16686;50,8;Región Eje Cafetero
05;Antioquia;05206;Concepción;221,04;5093;52,9;Región Eje Cafetero
05;Antioquia;05209;Concordia;227,15;22905;60,1;Región Eje Cafetero
05;Antioquia;05212;Copacabana;66,86;84787;16,6;Región Eje Cafetero
05;Antioquia;05234;Dabeiba;1996,03;24765;55,7;Región Eje Cafetero
05;Antioquia;05237;Don matías;214,54;20498;31,4;Región Eje Cafetero
05;Antioquia;05240;Ebéjico;249,31;12914;75,5;Región Eje Cafetero
05;Antioquia;05250;El bagre;1648,64;56681;32,2;Región Eje Cafetero
05;Antioquia;05264;Entrerrios;193,71;12158;44;Región Eje Cafetero
05;Antioquia;05266;Envigado;79,05;250012;3;Región Eje Cafetero
05;Antioquia;05282;Fredonia;232,95;26163;61,9;Región Eje Cafetero
05;Antioquia;05284;Frontino;1395,86;22049;52,2;Región Eje Cafetero
05;Antioquia;05306;Giraldo;96,59;5988;57,1;Región Eje Cafetero
05;Antioquia;05308;Girardota;79,18;56312;39,8;Región Eje Cafetero
05;Antioquia;05310;Gómez plata;345,12;10464;42,8;Región Eje Cafetero
05;Antioquia;05313;Granada;175,77;10855;41,2;Región Eje Cafetero
05;Antioquia;05315;Guadalupe;114,57;7015;59,9;Región Eje Cafetero
05;Antioquia;05318;Guarne;152,67;60148;61,4;Región Eje Cafetero
05;Antioquia;05321;Guatapé;80,34;9072;30,9;Región Eje Cafetero
05;Antioquia;05347;Heliconia;103,92;5754;51,1;Región Eje Cafetero
05;Antioquia;05353;Hispania;58,78;5876;32,2;Región Eje Cafetero
05;Antioquia;05360;Itagui;21,05;301428;7,7;Región Eje Cafetero
05;Antioquia;05361;Ituango;2959,61;29074;68,1;Región Eje Cafetero
05;Antioquia;05364;Jardín;216,1;15637;42,2;Región Eje Cafetero
05;Antioquia;05368;Jericó;195,92;14576;38,8;Región Eje Cafetero
05;Antioquia;05376;La ceja;136,37;70868;11,6;Región Eje Cafetero
05;Antioquia;05380;La estrella;39,83;78143;12;Región Eje Cafetero
05;Antioquia;05390;La pintada;53,54;8689;9,2;Región Eje Cafetero
05;Antioquia;05400;La unión;154,69;23240;35;Región Eje Cafetero
05;Antioquia;05411;Liborina;211,24;10709;71,6;Región Eje Cafetero
05;Antioquia;05425;Maceo;376,63;8785;56,7;Región Eje Cafetero
05;Antioquia;05440;Marinilla;119,34;70392;26,6;Región Eje Cafetero
05;Antioquia;05467;Montebello;77,37;7062;65,4;Región Eje Cafetero
05;Antioquia;05475;Murindó;1240,52;5332;59,9;Región Eje Cafetero
05;Antioquia;05480;Mutatá;988,44;15148;57,2;Región Eje Cafetero
05;Antioquia;05483;Nariño;348,32;10889;63,1;Región Eje Cafetero
05;Antioquia;05490;Necoclí;1156,61;45834;68,1;Región Eje Cafetero
05;Antioquia;05495;Nechí;877,76;28100;43,8;Región Eje Cafetero
05;Antioquia;05501;Olaya;81,8;3350;87;Región Eje Cafetero
05;Antioquia;05541;Peñol;126,65;22736;42,1;Región Eje Cafetero
05;Antioquia;05543;Peque;460,62;8717;65;Región Eje Cafetero
05;Antioquia;05576;Pueblorrico;78,93;9280;43;Región Eje Cafetero
05;Antioquia;05579;Puerto berrío;1174,8;42468;12,8;Región Eje Cafetero
05;Antioquia;05585;Puerto nare;707,5;15350;62,5;Región Eje Cafetero
05;Antioquia;05591;Puerto triunfo;359,05;19688;77,9;Región Eje Cafetero
05;Antioquia;05604;Remedios;1876,27;30723;53,1;Región Eje Cafetero
05;Antioquia;05607;Retiro;227,59;25589;41,7;Región Eje Cafetero
05;Antioquia;05615;Rionegro;209,33;147907;34;Región Eje Cafetero
05;Antioquia;05628;Sabanalarga;292,29;9731;61;Región Eje Cafetero
05;Antioquia;05631;Sabaneta;16,24;90253;11;Región Eje Cafetero
05;Antioquia;05642;Salgar;289,48;19448;56,9;Región Eje Cafetero
05;Antioquia;05647;San andrés de cuerquía;225,53;7697;54,1;Región Eje Cafetero
05;Antioquia;05649;San carlos;688,34;17103;50;Región Eje Cafetero
05;Antioquia;05652;San francisco;333,71;6048;50,4;Región Eje Cafetero
05;Antioquia;05656;San jerónimo;175,24;16609;50,9;Región Eje Cafetero
05;Antioquia;05658;San josé de la montaña;132,6;3941;32,3;Región Eje Cafetero
05;Antioquia;05659;San juan de urabá;261,53;21853;61,3;Región Eje Cafetero
05;Antioquia;05660;San luis;409,36;13893;36,5;Región Eje Cafetero
05;Antioquia;05664;San pedro;229,47;23751;39,9;Región Eje Cafetero
05;Antioquia;05665;San pedro de uraba;569;33393;52,8;Región Eje Cafetero
05;Antioquia;05667;San rafael;332,66;16753;45;Región Eje Cafetero
05;Antioquia;05670;San roque;427,35;23105;63,2;Región Eje Cafetero
05;Antioquia;05674;San vicente;240,11;23714;68,4;Región Eje Cafetero
05;Antioquia;05679;Santa bárbara;211,2;28051;48,9;Región Eje Cafetero
05;Antioquia;05686;Santa rosa de osos;938,54;39340;39,6;Región Eje Cafetero
05;Antioquia;05690;Santo domingo;248,73;13163;71,9;Región Eje Cafetero
05;Antioquia;05697;El santuario;75,79;38386;25,3;Región Eje Cafetero
05;Antioquia;05736;Segovia;1106,18;41222;16,3;Región Eje Cafetero
05;Antioquia;05756;Sonsón;1474,65;38784;47,6;Región Eje Cafetero
05;Antioquia;05761;Sopetrán;210,6;16200;51,4;Región Eje Cafetero
05;Antioquia;05789;Támesis;255,87;17270;49,2;Región Eje Cafetero
05;Antioquia;05790;Tarazá;1047,14;29306;47,6;Región Eje Cafetero
05;Antioquia;05792;Tarso;127,24;6593;40,3;Región Eje Cafetero
05;Antioquia;05809;Titiribí;143,99;11457;50;Región Eje Cafetero
05;Antioquia;05819;Toledo;111,73;5296;60,1;Región Eje Cafetero
05;Antioquia;05837;Turbo;2712,66;135464;55,4;Región Eje Cafetero
05;Antioquia;05842;Uramita;262,73;7329;63,3;Región Eje Cafetero
05;Antioquia;05847;Urrao;2390,4;32366;41,8;Región Eje Cafetero
05;Antioquia;05854;Valdivia;514,72;14823;67,3;Región Eje Cafetero
05;Antioquia;05856;Valparaíso;124,85;6966;38,3;Región Eje Cafetero
05;Antioquia;05858;Vegachí;509,48;12644;26,4;Región Eje Cafetero
05;Antioquia;05861;Venecia;130,15;12407;50,3;Región Eje Cafetero
05;Antioquia;05873;Vigía del fuerte;1511,33;9827;60,4;Región Eje Cafetero
05;Antioquia;05885;Yalí;475,23;8152;47,6;Región Eje Cafetero
05;Antioquia;05887;Yarumal;757,69;44770;25,5;Región Eje Cafetero
05;Antioquia;05890;Yolombó;1070,56;24178;64,9;Región Eje Cafetero
05;Antioquia;05893;Yondó;1985,59;20870;44,1;Región Eje Cafetero
05;Antioquia;05895;Zaragoza;1277,44;26392;49,1;Región Eje Cafetero
08;Atlántico;08001;Barranquilla;161,87;1342818;0;Región Caribe
08;Atlántico;08078;Baranoa;118,31;70200;16,7;Región Caribe
08;Atlántico;08137;Campo de la cruz;92,27;25218;13,5;Región Caribe
08;Atlántico;08141;Candelaria;147,65;17839;27,9;Región Caribe
08;Atlántico;08296;Galapa;90,8;69022;7,1;Región Caribe
08;Atlántico;08372;Juan de acosta;162,34;23730;36,7;Región Caribe
08;Atlántico;08421;Luruaco;204,35;31388;48,6;Región Caribe
08;Atlántico;08433;Malambo;103,44;144883;6,7;Región Caribe
08;Atlántico;08436;Manatí;194,06;22014;12,1;Región Caribe
08;Atlántico;08520;Palmar de varela;90,93;32573;3,9;Región Caribe
08;Atlántico;08549;Piojó;240,4;7374;56,5;Región Caribe
08;Atlántico;08558;Polonuevo;79,58;20317;16,6;Región Caribe
08;Atlántico;08560;Ponedera;194,76;26872;42,3;Región Caribe
08;Atlántico;08573;Puerto colombia;73,71;55835;12,3;Región Caribe
08;Atlántico;08606;Repelón;335,85;29193;32,3;Región Caribe
08;Atlántico;08634;Sabanagrande;43,52;36547;4,6;Región Caribe
08;Atlántico;08638;Sabanalarga;429,82;104983;24,9;Región Caribe
08;Atlántico;08675;Santa lucía;55,15;18054;14,1;Región Caribe
08;Atlántico;08685;Santo tomás;66,13;33555;5,5;Región Caribe
08;Atlántico;08758;Soledad;59,36;686339;0,1;Región Caribe
08;Atlántico;08770;Suan;41,27;13274;6,4;Región Caribe
08;Atlántico;08832;Tubará;199,28;19362;49,2;Región Caribe
08;Atlántico;08849;Usiacurí;96,9;13779;6,6;Región Caribe
11;Bogotá d c;11001;Bogotá d c;1766,44;7937898;0,4;Región Centro Oriente
13;Bolívar;13001;Cartagena;580,09;1065881;11,7;Región Caribe
13;Bolívar;13006;Achí;999,98;27510;80,1;Región Caribe
13;Bolívar;13030;Altos del rosario;299,21;12279;66,7;Región Caribe
13;Bolívar;13042;Arenal;486,87;8051;41,3;Región Caribe
13;Bolívar;13052;Arjona;630,89;76455;22,8;Región Caribe
13;Bolívar;13062;Arroyohondo;148,27;8872;45,5;Región Caribe
13;Bolívar;13074;Barranco de loba;457,38;16421;63,3;Región Caribe
13;Bolívar;13140;Calamar;236,25;24982;44,9;Región Caribe
13;Bolívar;13160;Cantagallo;900,62;9148;46,8;Región Caribe
13;Bolívar;13188;Cicuco;120,75;14845;37,1;Región Caribe
13;Bolívar;13212;Córdoba;612,77;17685;78,9;Región Caribe
13;Bolívar;13222;Clemencia;89,21;16365;17,4;Región Caribe
13;Bolívar;13244;El carmen de bolívar;922,82;77061;28,6;Región Caribe
13;Bolívar;13248;El guamo;376,86;9549;48,4;Región Caribe
13;Bolívar;13268;El peñón;302,92;8209;65,3;Región Caribe
13;Bolívar;13300;Hatillo de loba;206,59;13353;77,5;Región Caribe
13;Bolívar;13430;Magangué;1242,53;147190;32,8;Región Caribe
13;Bolívar;13433;Mahates;469,06;30573;66,6;Región Caribe
13;Bolívar;13440;Margarita;322,58;11883;86,7;Región Caribe
13;Bolívar;13442;María la baja;511,98;51264;58,4;Región Caribe
13;Bolívar;13458;Montecristo;1949,35;18500;79;Región Caribe
13;Bolívar;13468;Mompós;613,81;49152;51,5;Región Caribe
13;Bolívar;13473;Morales;1409,13;24959;70,1;Región Caribe
13;Bolívar;13549;Pinillos;814,53;26866;87,5;Región Caribe
13;Bolívar;13580;Regidor;200,59;7634;38,8;Región Caribe
13;Bolívar;13600;Río viejo;920,58;11617;52,8;Región Caribe
13;Bolívar;13620;San cristóbal;42,05;8798;24,4;Región Caribe
13;Bolívar;13647;San estanislao;228,38;20100;34,7;Región Caribe
13;Bolívar;13650;San fernando;321,11;13934;86,1;Región Caribe
13;Bolívar;13654;San jacinto;414,75;26099;14,7;Región Caribe
13;Bolívar;13655;San jacinto del cauca;614,7;11175;77,3;Región Caribe
13;Bolívar;13657;San juan nepomuceno;608,15;40621;27,3;Región Caribe
13;Bolívar;13667;San martín de loba;481,97;16176;53,2;Región Caribe
13;Bolívar;13670;San pablo de borbur;2150,42;29948;20,7;Región Caribe
13;Bolívar;13673;Santa catalina;175,19;16156;63,4;Región Caribe
13;Bolívar;13683;Santa rosa;155,07;23042;10;Región Caribe
13;Bolívar;13688;Santa rosa del sur;2336,32;36335;41,1;Región Caribe
13;Bolívar;13744;Simití;1337,24;20209;69,6;Región Caribe
13;Bolívar;13760;Soplaviento;84,23;11701;1,7;Región Caribe
13;Bolívar;13780;Talaigua nuevo;268,35;14092;54,4;Región Caribe
13;Bolívar;13810;Tiquisio;733,86;19763;68,4;Región Caribe
13;Bolívar;13836;Turbaco;200,26;116223;9;Región Caribe
13;Bolívar;13838;Turbaná;203,31;18037;26,6;Región Caribe
13;Bolívar;13873;Villanueva;132,12;26130;14,5;Región Caribe
13;Bolívar;13894;Zambrano;287,73;12970;13,9;Región Caribe
15;Boyacá;15001;Tunja;130,45;188945;4,1;Región Centro Oriente
15;Boyacá;15022;Almeida;52,81;2076;78,3;Región Centro Oriente
15;Boyacá;15047;Aquitania;967,7;16648;58,2;Región Centro Oriente
15;Boyacá;15051;Arcabuco;132,88;6392;55,8;Región Centro Oriente
15;Boyacá;15087;Belén;152,23;8070;36,4;Región Centro Oriente
15;Boyacá;15090;Berbeo;60,92;1703;69,1;Región Centro Oriente
15;Boyacá;15092;Betéitiva;93,44;2083;79,2;Región Centro Oriente
15;Boyacá;15097;Boavita;134;5487;49,6;Región Centro Oriente
15;Boyacá;15104;Boyacá;49,93;5504;80,9;Región Centro Oriente
15;Boyacá;15106;Briceño;67,72;2331;74,1;Región Centro Oriente
15;Boyacá;15109;Buena vista;119,99;4732;78,2;Región Centro Oriente
15;Boyacá;15114;Busbanzá;25,45;1219;57,4;Región Centro Oriente
15;Boyacá;15131;Caldas;77,22;3361;88;Región Centro Oriente
15;Boyacá;15135;Campohermoso;311,69;3320;70,5;Región Centro Oriente
15;Boyacá;15162;Cerinza;66,82;3991;51,8;Región Centro Oriente
15;Boyacá;15172;Chinavita;138,64;3436;58,1;Región Centro Oriente
15;Boyacá;15176;Chiquinquirá;169,73;61289;11,3;Región Centro Oriente
15;Boyacá;15180;Chiscas;689,47;4234;74,2;Región Centro Oriente
15;Boyacá;15183;Chita;739,36;8475;71,1;Región Centro Oriente
15;Boyacá;15185;Chitaraque;154,45;6306;75,8;Región Centro Oriente
15;Boyacá;15187;Chivatá;49,44;3012;79,3;Región Centro Oriente
15;Boyacá;15189;Ciénega;52,43;5007;69,6;Región Centro Oriente
15;Boyacá;15204;Cómbita;154,68;14183;85,9;Región Centro Oriente
15;Boyacá;15212;Coper;159,29;3881;71,4;Región Centro Oriente
15;Boyacá;15215;Corrales;62,43;2698;35,6;Región Centro Oriente
15;Boyacá;15218;Covarachía;105,84;2967;77,9;Región Centro Oriente
15;Boyacá;15223;Cubará;1259,12;11392;75,1;Región Centro Oriente
15;Boyacá;15224;Cucaita;45,29;4047;56,9;Región Centro Oriente
15;Boyacá;15226;Cuítiva;48,45;1944;82,3;Región Centro Oriente
15;Boyacá;15232;Chíquiza;126,49;5061;88,9;Región Centro Oriente
15;Boyacá;15236;Chivor;106,96;2698;69,9;Región Centro Oriente
15;Boyacá;15238;Duitama;226,56;134091;10,7;Región Centro Oriente
15;Boyacá;15244;El cocuy;219,58;4477;43,8;Región Centro Oriente
15;Boyacá;15248;El espino;73,27;3269;52,4;Región Centro Oriente
15;Boyacá;15272;Firavitoba;117,51;7261;59,8;Región Centro Oriente
15;Boyacá;15276;Floresta;90,08;3493;60;Región Centro Oriente
15;Boyacá;15293;Gachantivá;83,69;3009;75,6;Región Centro Oriente
15;Boyacá;15296;Gameza;133,39;5203;69,5;Región Centro Oriente
15;Boyacá;15299;Garagoa;205,56;19582;28,2;Región Centro Oriente
15;Boyacá;15317;Guacamayas;60,45;1983;62,9;Región Centro Oriente
15;Boyacá;15322;Guateque;39,47;11631;27,2;Región Centro Oriente
15;Boyacá;15325;Guayatá;91,39;3579;63,2;Región Centro Oriente
15;Boyacá;15332;Gí¼icán;871,38;4570;65,5;Región Centro Oriente
15;Boyacá;15362;Iza;36,7;2125;37,6;Región Centro Oriente
15;Boyacá;15367;Jenesano;63,83;7829;72,2;Región Centro Oriente
15;Boyacá;15368;Jericó;143,4;4208;64,7;Región Centro Oriente
15;Boyacá;15377;Labranzagrande;632,03;3755;63,1;Región Centro Oriente
15;Boyacá;15380;La capilla;59,61;2882;58,3;Región Centro Oriente
15;Boyacá;15401;La victoria;29,05;1202;58,9;Región Centro Oriente
15;Boyacá;15403;La uvita;153,36;3246;51,8;Región Centro Oriente
15;Boyacá;15407;Villa de leyva;134,46;17787;48,1;Región Centro Oriente
15;Boyacá;15425;Macanal;219,03;5396;73,1;Región Centro Oriente
15;Boyacá;15442;Maripí;154,4;6147;82,4;Región Centro Oriente
15;Boyacá;15455;Miraflores;280,3;9575;36,9;Región Centro Oriente
15;Boyacá;15464;Mongua;386,21;4980;54;Región Centro Oriente
15;Boyacá;15466;Monguí;72,01;4527;44,1;Región Centro Oriente
15;Boyacá;15469;Moniquirá;211,52;24596;45,4;Región Centro Oriente
15;Boyacá;15476;Motavita;62,38;6072;81,9;Región Centro Oriente
15;Boyacá;15480;Muzo;128,45;9186;32;Región Centro Oriente
15;Boyacá;15491;Nobsa;57,46;17500;64,6;Región Centro Oriente
15;Boyacá;15494;Nuevo colón;49,53;5538;76,5;Región Centro Oriente
15;Boyacá;15500;Oicatá;61,26;3085;81,5;Región Centro Oriente
15;Boyacá;15507;Otanche;439,64;8699;52,4;Región Centro Oriente
15;Boyacá;15511;Pachavita;66,96;2637;74,6;Región Centro Oriente
15;Boyacá;15514;Páez;318,66;3499;54,1;Región Centro Oriente
15;Boyacá;15516;Paipa;326,88;36778;36,7;Región Centro Oriente
15;Boyacá;15518;Pajarito;302,54;2560;55,9;Región Centro Oriente
15;Boyacá;15522;Panqueba;36,53;1845;48,3;Región Centro Oriente
15;Boyacá;15531;Pauna;259,61;7689;67;Región Centro Oriente
15;Boyacá;15533;Paya;427,15;2812;75,5;Región Centro Oriente
15;Boyacá;15537;Paz de río;113,45;4560;32,8;Región Centro Oriente
15;Boyacá;15542;Pesca;246,01;7256;63,5;Región Centro Oriente
15;Boyacá;15550;Pisba;509,91;1899;64,9;Región Centro Oriente
15;Boyacá;15572;Puerto boyacá;1645,67;51143;26,9;Región Centro Oriente
15;Boyacá;15580;Quípama;170,53;5308;69,2;Región Centro Oriente
15;Boyacá;15599;Ramiriquí;132,12;10743;55,4;Región Centro Oriente
15;Boyacá;15600;Ráquira;225,44;8618;65,1;Región Centro Oriente
15;Boyacá;15621;Rondón;221,36;2564;70,4;Región Centro Oriente
15;Boyacá;15632;Saboyá;255,19;14765;88,8;Región Centro Oriente
15;Boyacá;15638;Sáchica;69,7;5989;49,6;Región Centro Oriente
15;Boyacá;15646;Samacá;150,98;20038;56,9;Región Centro Oriente
15;Boyacá;15660;San eduardo;117,15;1793;51,3;Región Centro Oriente
15;Boyacá;15664;San josé de pare;75,77;5380;76;Región Centro Oriente
15;Boyacá;15667;San luis de gaceno;460,96;5919;52,5;Región Centro Oriente
15;Boyacá;15673;San mateo;112,39;3606;59,8;Región Centro Oriente
15;Boyacá;15676;San miguel de sema;93,68;3228;82,7;Región Centro Oriente
15;Boyacá;15681;San pablo de borbur;184,59;7166;84,6;Región Centro Oriente
15;Boyacá;15686;Santana;67,47;8230;62,9;Región Centro Oriente
15;Boyacá;15690;Santa maría;283,95;3767;38,8;Región Centro Oriente
15;Boyacá;15693;Santa rosa de viterbo;112,86;14257;37,1;Región Centro Oriente
15;Boyacá;15696;Santa sofía;78,98;3442;64,4;Región Centro Oriente
15;Boyacá;15720;Sativanorte;171,95;2347;65;Región Centro Oriente
15;Boyacá;15723;Sativasur;53,87;1177;69;Región Centro Oriente
15;Boyacá;15740;Siachoque;110,74;7275;79,7;Región Centro Oriente
15;Boyacá;15753;Soatá;124,77;9597;26,1;Región Centro Oriente
15;Boyacá;15755;Socotá;650,42;7770;76,1;Región Centro Oriente
15;Boyacá;15757;Socha;152,67;8592;43,8;Región Centro Oriente
15;Boyacá;15759;Sogamoso;202,76;139021;10,8;Región Centro Oriente
15;Boyacá;15761;Somondoco;61,64;3096;73,4;Región Centro Oriente
15;Boyacá;15762;Sora;46,81;3292;80,3;Región Centro Oriente
15;Boyacá;15763;Sotaquirá;267,26;8876;85,2;Región Centro Oriente
15;Boyacá;15764;Soracá;58,23;6481;70,6;Región Centro Oriente
15;Boyacá;15774;Susacón;183,55;2882;73,9;Región Centro Oriente
15;Boyacá;15776;Sutamarchán;94,24;6648;60,7;Región Centro Oriente
15;Boyacá;15778;Sutatenza;38,02;4575;78,5;Región Centro Oriente
15;Boyacá;15790;Tasco;221,28;6289;68,4;Región Centro Oriente
15;Boyacá;15798;Tenza;47,05;4143;66,8;Región Centro Oriente
15;Boyacá;15804;Tibaná;133,52;9781;77;Región Centro Oriente
15;Boyacá;15806;Tibasosa;89,05;14184;63,8;Región Centro Oriente
15;Boyacá;15808;Tinjacá;86,41;3563;73,1;Región Centro Oriente
15;Boyacá;15810;Tipacoque;73,78;3548;68,2;Región Centro Oriente
15;Boyacá;15814;Toca;180,67;9540;48,1;Región Centro Oriente
15;Boyacá;15816;Togí¼í;98,34;4659;81,9;Región Centro Oriente
15;Boyacá;15820;Tópaga;33,95;3906;67,3;Región Centro Oriente
15;Boyacá;15822;Tota;203,99;5627;79,5;Región Centro Oriente
15;Boyacá;15832;Tununguá;26,85;1645;79,2;Región Centro Oriente
15;Boyacá;15835;Turmequé;77,21;6598;62,6;Región Centro Oriente
15;Boyacá;15837;Tuta;179,55;9008;67,5;Región Centro Oriente
15;Boyacá;15839;Tutazá;121,79;2204;88,2;Región Centro Oriente
15;Boyacá;15842;Umbita;134,62;8120;82,2;Región Centro Oriente
15;Boyacá;15861;Ventaquemada;162,58;17192;80,9;Región Centro Oriente
15;Boyacá;15879;Viracachá;63,72;3024;81,5;Región Centro Oriente
15;Boyacá;15897;Zetaquira;226,74;4996;70,6;Región Centro Oriente
17;Caldas;17001;Manizales;400,13;459262;5,2;Región Eje Cafetero
17;Caldas;17013;Aguadas;475,91;23649;45,1;Región Eje Cafetero
17;Caldas;17042;Anserma;204,84;37757;39,8;Región Eje Cafetero
17;Caldas;17050;Aranzazu;144,1;10910;31;Región Eje Cafetero
17;Caldas;17088;Belalcázar;113,9;10995;51,7;Región Eje Cafetero
17;Caldas;17174;Chinchiná;109,95;53884;10,6;Región Eje Cafetero
17;Caldas;17272;Filadelfia;198,98;11779;60,8;Región Eje Cafetero
17;Caldas;17380;La dorada;601,99;75837;11,5;Región Eje Cafetero
17;Caldas;17388;La merced;87,38;6312;58;Región Eje Cafetero
17;Caldas;17433;Manzanares;181,17;18872;37,9;Región Eje Cafetero
17;Caldas;17442;Marmato;40,37;9341;83,3;Región Eje Cafetero
17;Caldas;17444;Marquetalia;87,52;13763;46,8;Región Eje Cafetero
17;Caldas;17446;Marulanda;364,94;2743;63,9;Región Eje Cafetero
17;Caldas;17486;Neira;363,67;21755;39,7;Región Eje Cafetero
17;Caldas;17495;Norcasia;233,74;6168;29,6;Región Eje Cafetero
17;Caldas;17513;Pácora;248,84;15866;46,9;Región Eje Cafetero
17;Caldas;17524;Palestina;105,94;16121;62,3;Región Eje Cafetero
17;Caldas;17541;Pensilvania;499,09;20450;55,2;Región Eje Cafetero
17;Caldas;17614;Riosucio;377,86;54360;59,4;Región Eje Cafetero
17;Caldas;17616;Risaralda;85,75;11367;54,3;Región Eje Cafetero
17;Caldas;17653;Salamina;423,16;20172;37,3;Región Eje Cafetero
17;Caldas;17662;Samaná;810,15;21527;64,2;Región Eje Cafetero
17;Caldas;17665;San josé;58,89;4978;67,7;Región Eje Cafetero
17;Caldas;17777;Supía;120,57;30136;48,3;Región Eje Cafetero
17;Caldas;17867;Victoria;527,14;10571;52,7;Región Eje Cafetero
17;Caldas;17873;Villamaría;499,87;69415;10,9;Región Eje Cafetero
17;Caldas;17877;Viterbo;114,02;13292;13,8;Región Eje Cafetero
18;Caquetá;18001;Florencia;2480,08;180323;11,5;Región Centro Sur
18;Caquetá;18029;Albania;424,17;4835;50,7;Región Centro Sur
18;Caquetá;18094;Belén de los andaquies;1279,91;11644;36,7;Región Centro Sur
18;Caquetá;18150;Cartagena del chairá;13146,61;33032;46,5;Región Centro Sur
18;Caquetá;18205;Curillo;403,12;8150;29,3;Región Centro Sur
18;Caquetá;18247;El doncello;1165,92;20491;29,4;Región Centro Sur
18;Caquetá;18256;El paujil;1344,98;19426;49,3;Región Centro Sur
18;Caquetá;18410;La montañita;1724,25;15695;80,4;Región Centro Sur
18;Caquetá;18460;Milán;1134,31;10421;87,7;Región Centro Sur
18;Caquetá;18479;Morelia;492,69;3953;44,2;Región Centro Sur
18;Caquetá;18592;Puerto rico;4542,15;28084;42,9;Región Centro Sur
18;Caquetá;18610;San josé del fragua;1313,47;13886;47,8;Región Centro Sur
18;Caquetá;18753;San vicente del caguán;18524,06;54932;51,2;Región Centro Sur
18;Caquetá;18756;Solano;45372,24;12196;73,5;Región Centro Sur
18;Caquetá;18785;Solita;505,6;6421;38,9;Región Centro Sur
18;Caquetá;18860;Valparaíso;1280,72;7395;65,4;Región Centro Sur
19;Cauca;19001;Popayán;464,74;346403;18,4;Región Pacífico
19;Cauca;19022;Almaguer;250,64;19850;94,8;Región Pacífico
19;Cauca;19050;Argelia;818,83;28420;91,5;Región Pacífico
19;Cauca;19075;Balboa;398,14;22863;76,3;Región Pacífico
19;Cauca;19100;Bolívar;779,71;40107;88,8;Región Pacífico
19;Cauca;19110;Buenos aires;431,55;36190;97,8;Región Pacífico
19;Cauca;19130;Cajibío;589,18;45481;96,5;Región Pacífico
19;Cauca;19137;Caldono;377,19;43643;96,4;Región Pacífico
19;Cauca;19142;Caloto;252,52;31802;84;Región Pacífico
19;Cauca;19212;Corinto;333,42;27394;52,1;Región Pacífico
19;Cauca;19256;El tambo;2854,43;58323;96;Región Pacífico
19;Cauca;19290;Florencia;58,59;5572;78,7;Región Pacífico
19;Cauca;19318;Guapi;2417,39;29836;50,8;Región Pacífico
19;Cauca;19355;Inzá;886,29;31405;97,2;Región Pacífico
19;Cauca;19364;Jambaló;234,09;19482;91,2;Región Pacífico
19;Cauca;19392;La sierra;209,08;11518;85,2;Región Pacífico
19;Cauca;19397;La vega;478,26;26557;97,5;Región Pacífico
19;Cauca;19418;López;3686,16;20176;91,7;Región Pacífico
19;Cauca;19450;Mercaderes;693,71;25437;75,7;Región Pacífico
19;Cauca;19455;Miranda;176,1;34092;44,1;Región Pacífico
19;Cauca;19473;Morales;484,27;42419;95,5;Región Pacífico
19;Cauca;19513;Padilla;67,08;10720;56,7;Región Pacífico
19;Cauca;19517;Páez;1695,76;50082;95,9;Región Pacífico
19;Cauca;19532;Patía;804,41;39800;65,1;Región Pacífico
19;Cauca;19533;Piamonte;1054,92;9919;78;Región Pacífico
19;Cauca;19548;Piendamó;179,24;44400;67,2;Región Pacífico
19;Cauca;19573;Puerto tejada;113,82;45047;14,8;Región Pacífico
19;Cauca;19585;Puracé;805,41;18804;91,9;Región Pacífico
19;Cauca;19622;Rosas;176,33;12393;92,2;Región Pacífico
19;Cauca;19693;San sebastián;447,49;11872;95,6;Región Pacífico
19;Cauca;19698;Santander de quilichao;553,81;119121;54,6;Región Pacífico
19;Cauca;19701;Santa rosa;3939,71;5757;89,2;Región Pacífico
19;Cauca;19743;Silvia;637,32;40773;90,4;Región Pacífico
19;Cauca;19760;Sotara;488,14;15164;97,6;Región Pacífico
19;Cauca;19780;Suárez;403,91;34402;82,7;Región Pacífico
19;Cauca;19785;Sucre;128,27;10163;84,5;Región Pacífico
19;Cauca;19807;Timbío;212,92;38470;61,1;Región Pacífico
19;Cauca;19809;Timbiquí;1972,88;28375;77,9;Región Pacífico
19;Cauca;19821;Toribio;464,76;37962;95;Región Pacífico
19;Cauca;19824;Totoró;409,02;26832;96,4;Región Pacífico
19;Cauca;19845;Villa rica;89,43;22360;32,8;Región Pacífico
20;Cesar;20001;Valledupar;3786,7;575225;12,4;Región Caribe
20;Cesar;20011;Aguachica;948,48;130258;13,3;Región Caribe
20;Cesar;20013;Agustín codazzi;1680,08;71966;22,1;Región Caribe
20;Cesar;20032;Astrea;582,4;23636;47,4;Región Caribe
20;Cesar;20045;Becerril;1195,04;25570;25,9;Región Caribe
20;Cesar;20060;Bosconia;600,87;47521;6,5;Región Caribe
20;Cesar;20175;Chimichagua;1285,65;40249;60,8;Región Caribe
20;Cesar;20178;Chiriguaná;1150,52;32749;41,2;Región Caribe
20;Cesar;20228;Curumaní;947,82;44176;29,9;Región Caribe
20;Cesar;20238;El copey;1023,53;35502;25,4;Región Caribe
20;Cesar;20250;El paso;734,71;44223;82,9;Región Caribe
20;Cesar;20295;Gamarra;358,35;17686;35,1;Región Caribe
20;Cesar;20310;González;73,59;4976;70,5;Región Caribe
20;Cesar;20383;La gloria;794,5;20247;65,7;Región Caribe
20;Cesar;20400;La jagua de ibirico;766,58;55073;23,4;Región Caribe
20;Cesar;20443;Manaure;135,27;11944;17,3;Región Caribe
20;Cesar;20517;Pailitas;521,84;21933;25,6;Región Caribe
20;Cesar;20550;Pelaya;383,2;24516;31,2;Región Caribe
20;Cesar;20570;Pueblo bello;715,34;31738;68,9;Región Caribe
20;Cesar;20614;Río de oro;515,51;19859;54,1;Región Caribe
20;Cesar;20621;La paz;1044,24;32819;29,9;Región Caribe
20;Cesar;20710;San alberto;595,23;31090;20,4;Región Caribe
20;Cesar;20750;San diego;661,34;22369;46,2;Región Caribe
20;Cesar;20770;San martín;993,9;31503;46,1;Región Caribe
20;Cesar;20787;Tamalameque;501,21;18031;60,6;Región Caribe
23;Córdoba;23001;Montería;2983,96;531424;22,4;Región Caribe
23;Córdoba;23068;Ayapel;2109,45;49553;42,3;Región Caribe
23;Córdoba;23079;Buenavista;872,55;22969;64,5;Región Caribe
23;Córdoba;23090;Canalete;441,68;16690;76,1;Región Caribe
23;Córdoba;23162;Cereté;318,78;115013;45,4;Región Caribe
23;Córdoba;23168;Chimá;303,46;19160;80,7;Región Caribe
23;Córdoba;23182;Chinú;590,12;52063;60,2;Región Caribe
23;Córdoba;23189;Ciénaga de oro;590,87;64223;64,4;Región Caribe
23;Córdoba;23300;Cotorra;96,58;20741;69,8;Región Caribe
23;Córdoba;23350;La apartada;271,19;15933;24,6;Región Caribe
23;Córdoba;23417;Lorica;899,55;119228;54;Región Caribe
23;Córdoba;23419;Los córdobas;332,41;20509;81,4;Región Caribe
23;Córdoba;23464;Momil;156,84;21271;42,2;Región Caribe
23;Córdoba;23466;Montelíbano;1669,9;87197;26,5;Región Caribe
23;Córdoba;23500;Moñitos;220,84;32657;80,4;Región Caribe
23;Córdoba;23555;Planeta rica;1027,78;69377;37,2;Región Caribe
23;Córdoba;23570;Pueblo nuevo;852,3;38947;73,1;Región Caribe
23;Córdoba;23574;Puerto escondido;414,9;25919;83,9;Región Caribe
23;Córdoba;23580;Puerto libertador;1635,18;45766;70,3;Región Caribe
23;Córdoba;23586;Purísima;113,51;18734;60,5;Región Caribe
23;Córdoba;23660;Sahagún;1004,22;116988;52,2;Región Caribe
23;Córdoba;23670;San andrés sotavento;214,27;51180;80,6;Región Caribe
23;Córdoba;23672;San antero;227,48;36854;55,3;Región Caribe
23;Córdoba;23675;San bernardo del viento;324,78;40391;77,3;Región Caribe
23;Córdoba;23678;San carlos;482,98;29454;84,3;Región Caribe
23;Córdoba;23686;San pelayo;478,65;55444;84;Región Caribe
23;Córdoba;23807;Tierralta;5262,9;100610;55,4;Región Caribe
23;Córdoba;23855;Valencia;970,3;38850;55,2;Región Caribe
25;Cundinamarca;25001;Agua de dios;79,01;14503;18,5;Región Centro Oriente
25;Cundinamarca;25019;Albán;51,57;7978;65,1;Región Centro Oriente
25;Cundinamarca;25035;Anapoima;134,26;18246;51,3;Región Centro Oriente
25;Cundinamarca;25040;Anolaima;123,19;17043;61,7;Región Centro Oriente
25;Cundinamarca;25053;Arbeláez;152,99;12959;50,2;Región Centro Oriente
25;Cundinamarca;25086;Beltrán;164,74;2217;70,6;Región Centro Oriente
25;Cundinamarca;25095;Bituima;61,75;3004;73;Región Centro Oriente
25;Cundinamarca;25099;Bojacá;92,36;12557;16,2;Región Centro Oriente
25;Cundinamarca;25120;Cabrera;386,82;5866;68,6;Región Centro Oriente
25;Cundinamarca;25123;Cachipay;51,88;12348;57;Región Centro Oriente
25;Cundinamarca;25126;Cajicá;54,86;104598;27,2;Región Centro Oriente
25;Cundinamarca;25148;Caparrapí;586,37;15244;66,6;Región Centro Oriente
25;Cundinamarca;25151;Caqueza;117,78;21147;47,4;Región Centro Oriente
25;Cundinamarca;25154;Carmen de carupa;320,32;9285;61,9;Región Centro Oriente
25;Cundinamarca;25168;Chaguaní;181,27;5111;68,6;Región Centro Oriente
25;Cundinamarca;25175;Chía;82,93;168167;14,7;Región Centro Oriente
25;Cundinamarca;25178;Chipaque;154,16;11715;62,8;Región Centro Oriente
25;Cundinamarca;25181;Choachí;215,36;13519;53,5;Región Centro Oriente
25;Cundinamarca;25183;Chocontá;278,97;25682;39,4;Región Centro Oriente
25;Cundinamarca;25200;Cogua;133,1;27695;56,2;Región Centro Oriente
25;Cundinamarca;25214;Cota;52,74;41477;29,7;Región Centro Oriente
25;Cundinamarca;25224;Cucunubá;107,03;9477;76;Región Centro Oriente
25;Cundinamarca;25245;El colegio;112,2;29955;49,3;Región Centro Oriente
25;Cundinamarca;25258;El peñón;130,7;5665;78;Región Centro Oriente
25;Cundinamarca;25260;El rosal;85,26;26738;8;Región Centro Oriente
25;Cundinamarca;25269;Facatativá;149,92;177093;6;Región Centro Oriente
25;Cundinamarca;25279;Fomeque;417,85;14841;47,6;Región Centro Oriente
25;Cundinamarca;25281;Fosca;101,72;7068;67,2;Región Centro Oriente
25;Cundinamarca;25286;Funza;68,01;118669;1,5;Región Centro Oriente
25;Cundinamarca;25288;Fúquene;73,34;6002;87,1;Región Centro Oriente
25;Cundinamarca;25290;Fusagasugá;207,49;175589;12,1;Región Centro Oriente
25;Cundinamarca;25293;Gachala;382,11;5279;57,5;Región Centro Oriente
25;Cundinamarca;25295;Gachancipá;41,16;21353;26,2;Región Centro Oriente
25;Cundinamarca;25297;Gachetá;241,87;10166;51;Región Centro Oriente
25;Cundinamarca;25299;Gama;115,27;3773;67,3;Región Centro Oriente
25;Cundinamarca;25307;Girardot;126,54;127078;3,1;Región Centro Oriente
25;Cundinamarca;25312;Granada;65,44;8708;65,1;Región Centro Oriente
25;Cundinamarca;25317;Guachetá;177,32;16514;47,9;Región Centro Oriente
25;Cundinamarca;25320;Guaduas;690,95;38181;46,1;Región Centro Oriente
25;Cundinamarca;25322;Guasca;347,43;19120;51;Región Centro Oriente
25;Cundinamarca;25324;Guataquí;82,14;3534;47,7;Región Centro Oriente
25;Cundinamarca;25326;Guatavita;253,79;7840;56,3;Región Centro Oriente
25;Cundinamarca;25328;Guayabal de siquima;67,42;5516;68;Región Centro Oriente
25;Cundinamarca;25335;Guayabetal;244,8;7763;60;Región Centro Oriente
25;Cundinamarca;25339;Gutiérrez;408,72;4178;62,4;Región Centro Oriente
25;Cundinamarca;25368;Jerusalén;231;2741;56,7;Región Centro Oriente
25;Cundinamarca;25372;Junín;321,42;7057;76,3;Región Centro Oriente
25;Cundinamarca;25377;La calera;301,17;37538;46,1;Región Centro Oriente
25;Cundinamarca;25386;La mesa;150,34;41213;40,1;Región Centro Oriente
25;Cundinamarca;25394;La palma;200,16;11494;48,9;Región Centro Oriente
25;Cundinamarca;25398;La peña;116,4;7175;73,4;Región Centro Oriente
25;Cundinamarca;25402;La vega;166,52;21300;54,6;Región Centro Oriente
25;Cundinamarca;25407;Lenguazaque;153,94;12486;63,4;Región Centro Oriente
25;Cundinamarca;25426;Macheta;217,03;7396;63,9;Región Centro Oriente
25;Cundinamarca;25430;Madrid;115,35;143167;4,3;Región Centro Oriente
25;Cundinamarca;25436;Manta;98,41;4496;64,2;Región Centro Oriente
25;Cundinamarca;25438;Medina;1298,6;9667;38;Región Centro Oriente
25;Cundinamarca;25473;Mosquera;111,31;159527;1,1;Región Centro Oriente
25;Cundinamarca;25483;Nariño;59,2;2908;24,4;Región Centro Oriente
25;Cundinamarca;25486;Nemocón;99,64;16563;44,4;Región Centro Oriente
25;Cundinamarca;25488;Nilo;236,57;13524;64,3;Región Centro Oriente
25;Cundinamarca;25489;Nimaima;58,66;4392;70,4;Región Centro Oriente
25;Cundinamarca;25491;Nocaima;70,65;7529;60,5;Región Centro Oriente
25;Cundinamarca;25506;Venecia;116;5179;63,1;Región Centro Oriente
25;Cundinamarca;25513;Pacho;393,36;30219;39,8;Región Centro Oriente
25;Cundinamarca;25518;Paime;176,41;5033;79,2;Región Centro Oriente
25;Cundinamarca;25524;Pandi;69,27;6148;69,3;Región Centro Oriente
25;Cundinamarca;25530;Paratebueno;822,25;10470;49,7;Región Centro Oriente
25;Cundinamarca;25535;Pasca;259,33;11194;60,8;Región Centro Oriente
25;Cundinamarca;25572;Puerto salgar;465,24;19352;22,7;Región Centro Oriente
25;Cundinamarca;25580;Pulí;207,05;4044;70,4;Región Centro Oriente
25;Cundinamarca;25592;Quebradanegra;87,58;5766;81,4;Región Centro Oriente
25;Cundinamarca;25594;Quetame;137,41;6191;64;Región Centro Oriente
25;Cundinamarca;25596;Quipile;132,07;7590;80,5;Región Centro Oriente
25;Cundinamarca;25599;Apulo;131,16;10162;49,9;Región Centro Oriente
25;Cundinamarca;25612;Ricaurte;122,74;16295;37,7;Región Centro Oriente
25;Cundinamarca;25645;San antonio del tequendama;91,17;14706;82,7;Región Centro Oriente
25;Cundinamarca;25649;San bernardo;246,51;10304;50,5;Región Centro Oriente
25;Cundinamarca;25653;San cayetano;300,98;5901;77,2;Región Centro Oriente
25;Cundinamarca;25658;San francisco;111,83;13482;51,4;Región Centro Oriente
25;Cundinamarca;25662;San juan de río seco;308,36;9988;55,9;Región Centro Oriente
25;Cundinamarca;25718;Sasaima;102,79;13312;67,1;Región Centro Oriente
25;Cundinamarca;25736;Sesquilé;134,43;14342;60,9;Región Centro Oriente
25;Cundinamarca;25740;Sibaté;112,62;42286;24,2;Región Centro Oriente
25;Cundinamarca;25743;Silvania;157,12;26959;59,2;Región Centro Oriente
25;Cundinamarca;25745;Simijaca;106,04;16111;33,9;Región Centro Oriente
25;Cundinamarca;25754;Soacha;204,13;828947;0,5;Región Centro Oriente
25;Cundinamarca;25758;Sopó;119,9;32725;24,3;Región Centro Oriente
25;Cundinamarca;25769;Subachoque;214,18;18567;43,3;Región Centro Oriente
25;Cundinamarca;25772;Suesca;157,98;21387;46,9;Región Centro Oriente
25;Cundinamarca;25777;Supatá;128,77;6428;60,6;Región Centro Oriente
25;Cundinamarca;25779;Susa;96,63;7982;56,8;Región Centro Oriente
25;Cundinamarca;25781;Sutatausa;63,72;7357;58,7;Región Centro Oriente
25;Cundinamarca;25785;Tabio;70,06;27305;61,9;Región Centro Oriente
25;Cundinamarca;25793;Tausa;187,6;9997;73,1;Región Centro Oriente
25;Cundinamarca;25797;Tena;54,23;11922;83,9;Región Centro Oriente
25;Cundinamarca;25799;Tenjo;103,37;27644;50,2;Región Centro Oriente
25;Cundinamarca;25805;Tibacuy;85,97;5334;78,6;Región Centro Oriente
25;Cundinamarca;25807;Tibirita;55,71;3862;74,8;Región Centro Oriente
25;Cundinamarca;25815;Tocaima;266,95;19453;32,3;Región Centro Oriente
25;Cundinamarca;25817;Tocancipá;72,14;49642;52,4;Región Centro Oriente
25;Cundinamarca;25823;Topaipí;132,4;4996;73,7;Región Centro Oriente
25;Cundinamarca;25839;Ubalá;477,26;9257;72,4;Región Centro Oriente
25;Cundinamarca;25841;Ubaque;112,9;8231;74,2;Región Centro Oriente
25;Cundinamarca;25843;Villa de san diego de ubate;112,28;53790;19,8;Región Centro Oriente
25;Cundinamarca;25845;Une;201,37;8569;39,7;Región Centro Oriente
25;Cundinamarca;25851;útica;83,08;5202;37,1;Región Centro Oriente
25;Cundinamarca;25862;Vergara;139,89;8304;73,4;Región Centro Oriente
25;Cundinamarca;25867;Vianí;73,3;5380;58,4;Región Centro Oriente
25;Cundinamarca;25871;Villagómez;66,52;2133;57,1;Región Centro Oriente
25;Cundinamarca;25873;Villapinzón;229,07;21353;54,2;Región Centro Oriente
25;Cundinamarca;25875;Villeta;127,33;33643;26,8;Región Centro Oriente
25;Cundinamarca;25878;Viotá;209,56;16218;59;Región Centro Oriente
25;Cundinamarca;25885;Yacopí;981,42;14856;66,9;Región Centro Oriente
25;Cundinamarca;25898;Zipacón;57,98;5782;64,5;Región Centro Oriente
25;Cundinamarca;25899;Zipaquirá;204,94;165473;14,5;Región Centro Oriente
27;Chocó;27001;Quibdó;3848,42;146875;14,8;Región Pacífico
27;Chocó;27006;Acandí;800,73;16096;56,1;Región Pacífico
27;Chocó;27025;Alto baudo;1852,95;31745;89,7;Región Pacífico
27;Chocó;27050;Atrato;399,1;6962;54,9;Región Pacífico
27;Chocó;27073;Bagadó;843,71;11959;80,7;Región Pacífico
27;Chocó;27075;Bahía solano;976,49;11671;41;Región Pacífico
27;Chocó;27077;Bajo baudó;3378,94;34457;79,8;Región Pacífico
27;Chocó;27099;Bojaya;3338,82;13935;93,1;Región Pacífico
27;Chocó;27135;El cantón del san pablo;350,97;7016;55,8;Región Pacífico
27;Chocó;27150;Carmen del darien;3440,54;22466;90,5;Región Pacífico
27;Chocó;27160;Cértegui;386,7;6302;43,8;Región Pacífico
27;Chocó;27205;Condoto;499,54;14183;23,2;Región Pacífico
27;Chocó;27245;El carmen de atrato;816,78;9413;71,7;Región Pacífico
27;Chocó;27250;El litoral del san juan;4075,96;25814;94,2;Región Pacífico
27;Chocó;27361;Istmina;1840,66;34414;28,3;Región Pacífico
27;Chocó;27372;Juradó;1141,82;7637;66,2;Región Pacífico
27;Chocó;27413;Lloró;819,76;10745;67,9;Región Pacífico
27;Chocó;27425;Medio atrato;1968,04;13100;93,5;Región Pacífico
27;Chocó;27430;Medio baudó;1491,09;17139;87,5;Región Pacífico
27;Chocó;27450;Medio san juan;673,46;11945;77,3;Región Pacífico
27;Chocó;27491;Nóvita;1032,79;10551;63,4;Región Pacífico
27;Chocó;27495;Nuquí;702,95;18502;93,6;Región Pacífico
27;Chocó;27580;Río iro;305,74;5983;74,1;Región Pacífico
27;Chocó;27600;Río quito;737,01;9296;74,8;Región Pacífico
27;Chocó;27615;Riosucio;7248,35;64544;74,8;Región Pacífico
27;Chocó;27660;San josé del palmar;1585,94;5809;78,2;Región Pacífico
27;Chocó;27745;Sipí;1475,43;3664;79,6;Región Pacífico
27;Chocó;27787;Tadó;664,22;20476;41,8;Región Pacífico
27;Chocó;27800;Unguía;1132,96;14756;70,9;Región Pacífico
27;Chocó;27810;Unión panamericana;162,9;7627;59,2;Región Pacífico
41;Huila;41001;Neiva;1232,25;388229;6,7;Región Centro Sur
41;Huila;41006;Acevedo;537,09;27418;82,4;Región Centro Sur
41;Huila;41013;Agrado;277,7;9630;36,3;Región Centro Sur
41;Huila;41016;Aipe;744,76;17715;35,3;Región Centro Sur
41;Huila;41020;Algeciras;554,21;24605;52,4;Región Centro Sur
41;Huila;41026;Altamira;188,22;4660;45,2;Región Centro Sur
41;Huila;41078;Baraya;819,68;9078;53,8;Región Centro Sur
41;Huila;41132;Campoalegre;435,84;33882;24,6;Región Centro Sur
41;Huila;41206;Colombia;1724,07;7866;72;Región Centro Sur
41;Huila;41244;Elías;74,6;4635;67,6;Región Centro Sur
41;Huila;41298;Garzón;643,45;79609;47,6;Región Centro Sur
41;Huila;41306;Gigante;535,61;26926;61;Región Centro Sur
41;Huila;41319;Guadalupe;273,04;19729;71;Región Centro Sur
41;Huila;41349;Hobo;180,77;7927;23,7;Región Centro Sur
41;Huila;41357;Iquira;378,67;10179;72,9;Región Centro Sur
41;Huila;41359;Isnos;337,36;27847;76,6;Región Centro Sur
41;Huila;41378;La argentina;322,26;14218;63,3;Región Centro Sur
41;Huila;41396;La plata;862,98;67206;59,1;Región Centro Sur
41;Huila;41483;Nátaga;142,19;7117;60,1;Región Centro Sur
41;Huila;41503;Oporapa;146,11;12843;81,2;Región Centro Sur
41;Huila;41518;Paicol;288,47;7247;58,9;Región Centro Sur
41;Huila;41524;Palermo;942,02;28899;53,7;Región Centro Sur
41;Huila;41530;Palestina;160,72;12359;85,5;Región Centro Sur
41;Huila;41548;Pital;210,67;15141;65,5;Región Centro Sur
41;Huila;41551;Pitalito;648,56;137170;42,2;Región Centro Sur
41;Huila;41615;Rivera;273,02;26742;53,3;Región Centro Sur
41;Huila;41660;Saladoblanco;454,24;11545;83,4;Región Centro Sur
41;Huila;41668;San agustín;1281,94;36382;67,6;Región Centro Sur
41;Huila;41676;Santa maría;373,07;11445;77;Región Centro Sur
41;Huila;41770;Suaza;447,88;24108;81;Región Centro Sur
41;Huila;41791;Tarqui;388,99;19213;69,7;Región Centro Sur
41;Huila;41797;Tesalia;335,94;11728;51,4;Región Centro Sur
41;Huila;41799;Tello;529,22;12908;56,6;Región Centro Sur
41;Huila;41801;Teruel;481,96;8792;47,8;Región Centro Sur
41;Huila;41807;Timaná;175,96;23943;65,7;Región Centro Sur
41;Huila;41872;Villavieja;499,77;7979;68,2;Región Centro Sur
41;Huila;41885;Yaguará;365,51;8398;17;Región Centro Sur
44;La guajira;44001;Riohacha;3276,09;230407;26,3;Región Caribe
44;La guajira;44035;Albania;550,09;36376;40,5;Región Caribe
44;La guajira;44078;Barrancas;852,35;44488;50,4;Región Caribe
44;La guajira;44090;Dibula;1773,51;47487;84,2;Región Caribe
44;La guajira;44098;Distracción;220,07;15873;49,9;Región Caribe
44;La guajira;44110;El molino;254,56;8741;5,3;Región Caribe
44;La guajira;44279;Fonseca;473,54;51998;10,7;Región Caribe
44;La guajira;44378;Hatonuevo;232,05;24792;35,3;Región Caribe
44;La guajira;44420;La jagua del pilar;192,57;4192;33,1;Región Caribe
44;La guajira;44430;Maicao;1762,05;206963;34,8;Región Caribe
44;La guajira;44560;Manaure;1568,36;99991;85,8;Región Caribe
44;La guajira;44650;San juan del cesar;1265,84;56829;28,4;Región Caribe
44;La guajira;44847;Uribia;7248,32;198368;93,3;Región Caribe
44;La guajira;44855;Urumita;254,43;13016;9,6;Región Caribe
44;La guajira;44874;Villanueva;278,56;34330;4,9;Región Caribe
47;Magdalena;47001;Santa marta;2488,51;566650;10,7;Región Caribe
47;Magdalena;47030;Algarrobo;421,92;17989;37,6;Región Caribe
47;Magdalena;47053;Aracataca;1869,36;45859;42,6;Región Caribe
47;Magdalena;47058;Ariguaní;1124,17;34491;38,7;Región Caribe
47;Magdalena;47161;Cerro san antonio;188,66;11410;47,6;Región Caribe
47;Magdalena;47170;Chivolo;485,07;25186;39,7;Región Caribe
47;Magdalena;47189;Ciénaga;1453,05;134841;12;Región Caribe
47;Magdalena;47205;Concordia;115,07;12035;63,6;Región Caribe
47;Magdalena;47245;El banco;758,39;74942;41,2;Región Caribe
47;Magdalena;47258;El piñon;535,07;25974;70,5;Región Caribe
47;Magdalena;47268;El retén;259;22071;23;Región Caribe
47;Magdalena;47288;Fundación;943,2;75845;16,1;Región Caribe
47;Magdalena;47318;Guamal;553,41;30709;72,5;Región Caribe
47;Magdalena;47460;Nueva granada;925,36;22571;61,9;Región Caribe
47;Magdalena;47541;Pedraza;337,29;10666;71;Región Caribe
47;Magdalena;47545;Pijiño del carmen;624,29;13842;56;Región Caribe
47;Magdalena;47551;Pivijay;1595,44;42579;44,1;Región Caribe
47;Magdalena;47555;Plato;1381,06;71294;24,9;Región Caribe
47;Magdalena;47570;Pueblo viejo;684,41;34583;70,7;Región Caribe
47;Magdalena;47605;Remolino;602,13;13084;37,3;Región Caribe
47;Magdalena;47660;Sabanas de san angel;1255,73;17856;74,1;Región Caribe
47;Magdalena;47675;Salamina;183,3;12258;35,3;Región Caribe
47;Magdalena;47692;San sebastián de buenavista;471,93;22641;72,4;Región Caribe
47;Magdalena;47703;San zenón;266,96;13629;91,6;Región Caribe
47;Magdalena;47707;Santa ana;1202,14;28257;46,2;Región Caribe
47;Magdalena;47720;Santa bárbara de pinto;543,79;11867;40,1;Región Caribe
47;Magdalena;47745;Sitionuevo;941,35;31194;51,1;Región Caribe
47;Magdalena;47798;Tenerife;457,61;15071;54;Región Caribe
47;Magdalena;47960;Zapayán;375,22;11118;64,6;Región Caribe
47;Magdalena;47980;Zona bananera;425,58;78526;97,6;Región Caribe
50;Meta;50001;Villavicencio;1266,93;593273;8;Región Llano
50;Meta;50006;Acacias;1086,41;97925;24,4;Región Llano
50;Meta;50110;Barranca de upía;433,64;7266;28,8;Región Llano
50;Meta;50124;Cabuyaro;890,83;6736;50,9;Región Llano
50;Meta;50150;Castilla la nueva;524,85;16102;59,9;Región Llano
50;Meta;50223;Cubarral;1236,05;7946;34,2;Región Llano
50;Meta;50226;Cumaral;618,64;25518;34,8;Región Llano
50;Meta;50245;El calvario;290,74;1930;64,2;Región Llano
50;Meta;50251;El castillo;580,89;8768;62,5;Región Llano
50;Meta;50270;El dorado;115,04;4424;64,6;Región Llano
50;Meta;50287;Fuente de oro;522,09;13503;43,1;Región Llano
50;Meta;50313;Granada;372,39;77074;16,4;Región Llano
50;Meta;50318;Guamal;621,44;15783;32,8;Región Llano
50;Meta;50325;Mapiripán;12871,55;7678;66,1;Región Llano
50;Meta;50330;Mesetas;2443,61;12530;58,4;Región Llano
50;Meta;50350;La macarena;10091,99;29573;83,8;Región Llano
50;Meta;50370;Uribe;6686,15;10260;78;Región Llano
50;Meta;50400;Lejanías;887,88;12721;58,6;Región Llano
50;Meta;50450;Puerto concordia;1359,41;9296;60,1;Región Llano
50;Meta;50568;Puerto gaitán;17731,09;46689;50,9;Región Llano
50;Meta;50573;Puerto lópez;6927,13;33995;39,6;Región Llano
50;Meta;50577;Puerto lleras;2475,05;11627;61,8;Región Llano
50;Meta;50590;Puerto rico;3338,11;13997;49,7;Región Llano
50;Meta;50606;Restrepo;384,1;20430;33,8;Región Llano
50;Meta;50680;San carlos de guaroa;819,89;13793;49,5;Región Llano
50;Meta;50683;San juan de arama;1178,02;10127;50,6;Región Llano
50;Meta;50686;San juanito;231,71;1447;45,7;Región Llano
50;Meta;50689;San martín;5674,47;30310;28;Región Llano
50;Meta;50711;Vista hermosa;4825,77;19630;56,3;Región Llano
52;Nariño;52001;Pasto;1183,66;415937;22,1;Región Pacífico
52;Nariño;52019;Albán;34,8;10113;71;Región Pacífico
52;Nariño;52022;Aldana;47,8;7818;78,8;Región Pacífico
52;Nariño;52036;Ancuyá;71,73;9165;75,7;Región Pacífico
52;Nariño;52051;Arboleda;58,02;9222;86,1;Región Pacífico
52;Nariño;52079;Barbacoas;2566,76;58878;78;Región Pacífico
52;Nariño;52083;Belén;45,77;6670;48,2;Región Pacífico
52;Nariño;52110;Buesaco;659,74;25213;72,3;Región Pacífico
52;Nariño;52203;Colón;61,05;8950;86,7;Región Pacífico
52;Nariño;52207;Consaca;109,65;14561;84,2;Región Pacífico
52;Nariño;52210;Contadero;44,7;7666;81,8;Región Pacífico
52;Nariño;52215;Córdoba;327,48;16398;80;Región Pacífico
52;Nariño;52224;Cuaspud;59,34;9753;70,3;Región Pacífico
52;Nariño;52227;Cumbal;957,23;38963;81,4;Región Pacífico
52;Nariño;52233;Cumbitara;375,84;6232;71,6;Región Pacífico
52;Nariño;52240;Chachagí¼í;140,25;16022;71;Región Pacífico
52;Nariño;52250;El charco;2283,92;23396;67,2;Región Pacífico
52;Nariño;52254;El peñol;111,79;7804;81,3;Región Pacífico
52;Nariño;52256;El rosario;501,1;13010;85,1;Región Pacífico
52;Nariño;52258;El tablón de gómez;323,6;15184;88,8;Región Pacífico
52;Nariño;52260;El tambo;231,67;14996;62,3;Región Pacífico
52;Nariño;52287;Funes;417,81;7566;56,7;Región Pacífico
52;Nariño;52317;Guachucal;163,66;20578;84,5;Región Pacífico
52;Nariño;52320;Guaitarilla;107,14;12049;61,7;Región Pacífico
52;Nariño;52323;Gualmatán;28,11;7445;57,4;Región Pacífico
52;Nariño;52352;Iles;79,84;8049;72;Región Pacífico
52;Nariño;52354;Imués;81,18;8029;86,3;Región Pacífico
52;Nariño;52356;Ipiales;1570,49;122161;33,4;Región Pacífico
52;Nariño;52378;La cruz;226,62;19655;56,9;Región Pacífico
52;Nariño;52381;La florida;132,32;10591;79,9;Región Pacífico
52;Nariño;52385;La llanada;234,66;6699;51,1;Región Pacífico
52;Nariño;52390;La tola;378,39;7739;61;Región Pacífico
52;Nariño;52399;La unión;144,14;33657;59,8;Región Pacífico
52;Nariño;52405;Leiva;317,24;10263;68,6;Región Pacífico
52;Nariño;52411;Linares;131,39;10651;78;Región Pacífico
52;Nariño;52418;Los andes;948,58;9880;52,8;Región Pacífico
52;Nariño;52427;Magí¼í;1754,91;26239;70,2;Región Pacífico
52;Nariño;52435;Mallama;521,91;9492;86,1;Región Pacífico
52;Nariño;52473;Mosquera;841,52;12687;53,5;Región Pacífico
52;Nariño;52480;Nariño;25,07;4594;39,1;Región Pacífico
52;Nariño;52490;Olaya herrera;942,91;26611;56,9;Región Pacífico
52;Nariño;52506;Ospina;58,95;7475;71,7;Región Pacífico
52;Nariño;52520;Francisco pizarro;488,68;15025;61,2;Región Pacífico
52;Nariño;52540;Policarpa;447,59;10435;73,2;Región Pacífico
52;Nariño;52560;Potosí;426,31;10848;79;Región Pacífico
52;Nariño;52565;Providencia;38,28;5864;72,9;Región Pacífico
52;Nariño;52573;Puerres;338,12;8943;58,7;Región Pacífico
52;Nariño;52585;Pupiales;118,88;18412;63,9;Región Pacífico
52;Nariño;52612;Ricaurte;1146,28;20762;87,9;Región Pacífico
52;Nariño;52621;Roberto payán;1586,62;13391;73,1;Región Pacífico
52;Nariño;52678;Samaniego;564,26;30311;65,8;Región Pacífico
52;Nariño;52683;Sandoná;98,09;21513;48,9;Región Pacífico
52;Nariño;52685;San bernardo;65,98;9695;71,6;Región Pacífico
52;Nariño;52687;San lorenzo;252,6;19508;88;Región Pacífico
52;Nariño;52693;San pablo;110,14;16047;73,2;Región Pacífico
52;Nariño;52694;San pedro de cartago;60,58;7179;88;Región Pacífico
52;Nariño;52696;Santa bárbara;1282,43;14223;73;Región Pacífico
52;Nariño;52699;Santacruz;493;11413;86,1;Región Pacífico
52;Nariño;52720;Sapuyes;122,38;7735;80,4;Región Pacífico
52;Nariño;52786;Taminango;256,6;18726;77,6;Región Pacífico
52;Nariño;52788;Tangua;197,86;14244;79,2;Región Pacífico
52;Nariño;52835;San andrés de tumaco;3622,73;268311;66,1;Región Pacífico
52;Nariño;52838;Túquerres;201,55;47092;61,2;Región Pacífico
52;Nariño;52885;Yacuanquer;112,62;11543;69,5;Región Pacífico
54;Norte de santander;54001;Cúcuta;1211,61;815891;3,6;Región Centro Oriente
54;Norte de santander;54003;Abrego;1507,4;36177;47,3;Región Centro Oriente
54;Norte de santander;54051;Arboledas;490,96;11081;75,4;Región Centro Oriente
54;Norte de santander;54099;Bochalema;165,41;9436;62;Región Centro Oriente
54;Norte de santander;54109;Bucarasica;293,76;7307;90,3;Región Centro Oriente
54;Norte de santander;54125;Cácota;152,72;3206;65,3;Región Centro Oriente
54;Norte de santander;54128;Cachirá;646,2;12588;82;Región Centro Oriente
54;Norte de santander;54172;Chinácota;182,34;19976;35;Región Centro Oriente
54;Norte de santander;54174;Chitagá;1189,21;13374;61,3;Región Centro Oriente
54;Norte de santander;54206;Convención;898,26;21297;59,1;Región Centro Oriente
54;Norte de santander;54223;Cucutilla;372,45;9336;80,1;Región Centro Oriente
54;Norte de santander;54239;Durania;185,49;5220;50,2;Región Centro Oriente
54;Norte de santander;54245;El carmen;1850,17;15178;82,4;Región Centro Oriente
54;Norte de santander;54250;El tarra;749,1;23617;55,7;Región Centro Oriente
54;Norte de santander;54261;El zulia;470,65;30948;38,2;Región Centro Oriente
54;Norte de santander;54313;Gramalote;157,09;8399;65,1;Región Centro Oriente
54;Norte de santander;54344;Hacarí;435,81;11624;84,9;Región Centro Oriente
54;Norte de santander;54347;Herrán;105,04;7905;80,9;Región Centro Oriente
54;Norte de santander;54377;Labateca;240,32;7226;72,7;Región Centro Oriente
54;Norte de santander;54385;La esperanza;713,15;13189;83,9;Región Centro Oriente
54;Norte de santander;54398;La playa;260,84;8786;87,4;Región Centro Oriente
54;Norte de santander;54405;Los patios;129,6;104287;2,4;Región Centro Oriente
54;Norte de santander;54418;Lourdes;85,28;4555;51,4;Región Centro Oriente
54;Norte de santander;54480;Mutiscua;166,3;4876;80,1;Región Centro Oriente
54;Norte de santander;54498;Ocaña;527,13;135990;9,9;Región Centro Oriente
54;Norte de santander;54518;Pamplona;316,74;57176;7,1;Región Centro Oriente
54;Norte de santander;54520;Pamplonita;161,4;6282;78;Región Centro Oriente
54;Norte de santander;54553;Puerto santander;48,92;9935;5,9;Región Centro Oriente
54;Norte de santander;54599;Ragonvalia;104,16;6792;50,7;Región Centro Oriente
54;Norte de santander;54660;Salazar;539,79;11733;60,7;Región Centro Oriente
54;Norte de santander;54670;San calixto;363,92;14618;80,6;Región Centro Oriente
54;Norte de santander;54673;San cayetano;133,3;8128;66,7;Región Centro Oriente
54;Norte de santander;54680;Santiago;169,78;3901;46,8;Región Centro Oriente
54;Norte de santander;54720;Sardinata;1438,76;29146;60,6;Región Centro Oriente
54;Norte de santander;54743;Silos;332,36;7153;84,6;Región Centro Oriente
54;Norte de santander;54800;Teorama;974,23;18839;82,8;Región Centro Oriente
54;Norte de santander;54810;Tibú;2786,42;62474;62,3;Región Centro Oriente
54;Norte de santander;54820;Toledo;1602,2;17811;64,2;Región Centro Oriente
54;Norte de santander;54871;Villa caro;384,07;5778;54,3;Región Centro Oriente
54;Norte de santander;54874;Villa del rosario;92,78;116757;2,9;Región Centro Oriente
63;Quindío;63001;Armenia;130,7;310817;2,5;Región Eje Cafetero
63;Quindío;63111;Buenavista;35,88;3257;60,7;Región Eje Cafetero
63;Quindío;63130;Calarcá;230,53;76735;21,9;Región Eje Cafetero
63;Quindío;63190;Circasia;92,21;29789;24,5;Región Eje Cafetero
63;Quindío;63212;Córdoba;95,92;5954;39,6;Región Eje Cafetero
63;Quindío;63272;Filandia;102,24;12729;43,5;Región Eje Cafetero
63;Quindío;63302;Génova;300,64;7809;42,4;Región Eje Cafetero
63;Quindío;63401;La tebaida;81,98;35343;9,4;Región Eje Cafetero
63;Quindío;63470;Montenegro;144,78;38619;17,3;Región Eje Cafetero
63;Quindío;63548;Pijao;234,24;5487;42,3;Región Eje Cafetero
63;Quindío;63594;Quimbaya;138,37;32175;18,1;Región Eje Cafetero
63;Quindío;63690;Salento;333,98;9846;57,6;Región Eje Cafetero
66;Risaralda;66001;Pereira;606,47;482824;15,4;Región Eje Cafetero
66;Risaralda;66045;Apía;145,62;12645;52,1;Región Eje Cafetero
66;Risaralda;66075;Balboa;123,64;6525;72,6;Región Eje Cafetero
66;Risaralda;66088;Belén de umbría;174,59;25339;45,7;Región Eje Cafetero
66;Risaralda;66170;Dosquebradas;63,26;226152;4,3;Región Eje Cafetero
66;Risaralda;66318;Guática;91,41;12451;66,2;Región Eje Cafetero
66;Risaralda;66383;La celia;100,23;7669;57,8;Región Eje Cafetero
66;Risaralda;66400;La virginia;30,85;28555;2,1;Región Eje Cafetero
66;Risaralda;66440;Marsella;140,85;17240;44,8;Región Eje Cafetero
66;Risaralda;66456;Mistrató;541,02;17587;73,3;Región Eje Cafetero
66;Risaralda;66572;Pueblo rico;612,69;16792;79,1;Región Eje Cafetero
66;Risaralda;66594;Quinchía;151,44;27980;69,5;Región Eje Cafetero
66;Risaralda;66682;Santa rosa de cabal;532,07;80012;15,2;Región Eje Cafetero
66;Risaralda;66687;Santuario;188,42;12868;46;Región Eje Cafetero
68;Santander;68001;Bucaramanga;146,77;623881;1,6;Región Centro Oriente
68;Santander;68013;Aguada;69,66;1958;78,3;Región Centro Oriente
68;Santander;68020;Albania;174,03;4352;81;Región Centro Oriente
68;Santander;68051;Aratoca;158,18;8787;66,5;Región Centro Oriente
68;Santander;68077;Barbosa;49,14;33341;23,1;Región Centro Oriente
68;Santander;68079;Barichara;129,21;11242;66,5;Región Centro Oriente
68;Santander;68081;Barrancabermeja;1199,67;217742;12;Región Centro Oriente
68;Santander;68092;Betulia;446,85;6313;73,7;Región Centro Oriente
68;Santander;68101;Bolívar;1066,23;12000;81,8;Región Centro Oriente
68;Santander;68121;Cabrera;60,42;2046;74,8;Región Centro Oriente
68;Santander;68132;California;42,71;2275;52;Región Centro Oriente
68;Santander;68147;Capitanejo;88,99;5777;33,3;Región Centro Oriente
68;Santander;68152;Carcasí;280,04;4494;81,9;Región Centro Oriente
68;Santander;68160;Cepitá;113,75;2133;68,9;Región Centro Oriente
68;Santander;68162;Cerrito;445,62;7159;46,2;Región Centro Oriente
68;Santander;68167;Charalá;392,06;12924;37,1;Región Centro Oriente
68;Santander;68169;Charta;130,68;3040;70,3;Región Centro Oriente
68;Santander;68176;Chimá;184,67;3030;66,5;Región Centro Oriente
68;Santander;68179;Chipatá;87,14;5399;82,9;Región Centro Oriente
68;Santander;68190;Cimitarra;2883,53;35979;52;Región Centro Oriente
68;Santander;68207;Concepción;356,51;6086;47,6;Región Centro Oriente
68;Santander;68209;Confines;77,53;3272;73,6;Región Centro Oriente
68;Santander;68211;Contratación;135,65;3896;21,9;Región Centro Oriente
68;Santander;68217;Coromoro;606,01;5334;80,4;Región Centro Oriente
68;Santander;68229;Curití;250,23;13398;60,1;Región Centro Oriente
68;Santander;68235;El carmen de chucurí;860,6;22758;80,6;Región Centro Oriente
68;Santander;68245;El guacamayo;98,65;2291;62,2;Región Centro Oriente
68;Santander;68250;El peñón;419,49;5443;81,7;Región Centro Oriente
68;Santander;68255;El playón;434,38;14313;44,4;Región Centro Oriente
68;Santander;68264;Encino;420,6;2756;74;Región Centro Oriente
68;Santander;68266;Enciso;70,59;3677;70,1;Región Centro Oriente
68;Santander;68271;Florián;175,83;6127;72,9;Región Centro Oriente
68;Santander;68276;Floridablanca;109,57;342373;3,7;Región Centro Oriente
68;Santander;68296;Galán;205,57;3059;67,3;Región Centro Oriente
68;Santander;68298;Gambita;612,99;4251;78,7;Región Centro Oriente
68;Santander;68307;Girón;493,65;176745;10,5;Región Centro Oriente
68;Santander;68318;Guaca;310,34;6339;69,1;Región Centro Oriente
68;Santander;68320;Guadalupe;151,3;4782;58,5;Región Centro Oriente
68;Santander;68322;Guapotá;73,4;2533;67,3;Región Centro Oriente
68;Santander;68324;Guavatá;85,66;4484;70,8;Región Centro Oriente
68;Santander;68327;Gí¼epsa;29,01;5441;36,3;Región Centro Oriente
68;Santander;68344;Hato;185,29;2443;67,1;Región Centro Oriente
68;Santander;68368;Jesús maría;94,31;3469;74,2;Región Centro Oriente
68;Santander;68370;Jordán;36,56;1413;90,4;Región Centro Oriente
68;Santander;68377;La belleza;315,36;6727;67,2;Región Centro Oriente
68;Santander;68385;Landázuri;588,04;10782;64,3;Región Centro Oriente
68;Santander;68397;La paz;287,42;5267;80,1;Región Centro Oriente
68;Santander;68406;Lebríja;563,92;46375;41,3;Región Centro Oriente
68;Santander;68418;Los santos;295,03;15608;83,9;Región Centro Oriente
68;Santander;68425;Macaravita;93,96;2289;81,7;Región Centro Oriente
68;Santander;68432;Málaga;53,68;21866;12,5;Región Centro Oriente
68;Santander;68444;Matanza;258,18;5377;67,4;Región Centro Oriente
68;Santander;68464;Mogotes;494,58;10966;56,4;Región Centro Oriente
68;Santander;68468;Molagavita;171,59;4355;80,4;Región Centro Oriente
68;Santander;68498;Ocamonte;71,11;6252;81;Región Centro Oriente
68;Santander;68500;Oiba;306,05;11194;51,5;Región Centro Oriente
68;Santander;68502;Onzaga;491,94;4329;65,8;Región Centro Oriente
68;Santander;68522;Palmar;20,06;1501;60,9;Región Centro Oriente
68;Santander;68524;Palmas del socorro;54,3;2688;64,9;Región Centro Oriente
68;Santander;68533;Páramo;66,93;4947;67,9;Región Centro Oriente
68;Santander;68547;Piedecuesta;465,01;193440;16,6;Región Centro Oriente
68;Santander;68549;Pinchote;52,44;5544;74,2;Región Centro Oriente
68;Santander;68572;Puente nacional;241,56;15716;58,5;Región Centro Oriente
68;Santander;68573;Puerto parra;809,59;8003;61,4;Región Centro Oriente
68;Santander;68575;Puerto wilches;1619,03;36165;47,1;Región Centro Oriente
68;Santander;68615;Rionegro;1236,28;27283;71,6;Región Centro Oriente
68;Santander;68655;Sabana de torres;1272,1;35145;29,2;Región Centro Oriente
68;Santander;68669;San andrés;281,23;9227;59,6;Región Centro Oriente
68;Santander;68673;San benito;60,23;3089;85,8;Región Centro Oriente
68;Santander;68679;San gil;159,85;64138;12,2;Región Centro Oriente
68;Santander;68682;San joaquín;131,07;2325;58,9;Región Centro Oriente
68;Santander;68684;San josé de miranda;80,3;4489;74,9;Región Centro Oriente
68;Santander;68686;San miguel;73,02;2711;69,5;Región Centro Oriente
68;Santander;68689;San vicente de chucurí;1107,32;37031;58,8;Región Centro Oriente
68;Santander;68705;Santa bárbara;240,3;2532;84,3;Región Centro Oriente
68;Santander;68720;Santa helena del opón;337,81;3601;72,2;Región Centro Oriente
68;Santander;68745;Simacota;888,32;10882;73,4;Región Centro Oriente
68;Santander;68755;Socorro;126,43;36199;16,4;Región Centro Oriente
68;Santander;68770;Suaita;269,27;10783;74,3;Región Centro Oriente
68;Santander;68773;Sucre;509,1;7643;87,7;Región Centro Oriente
68;Santander;68780;Suratá;350,47;4167;72,7;Región Centro Oriente
68;Santander;68820;Tona;305,9;7718;88,1;Región Centro Oriente
68;Santander;68855;Valle de san josé;86,46;6444;56,5;Región Centro Oriente
68;Santander;68861;Vélez;431,2;26504;42,1;Región Centro Oriente
68;Santander;68867;Vetas;95,16;2388;63,5;Región Centro Oriente
68;Santander;68872;Villanueva;92,78;8875;37,1;Región Centro Oriente
68;Santander;68895;Zapatoca;335,86;10094;31,6;Región Centro Oriente
70;Sucre;70001;Sincelejo;265,52;317629;12,2;Región Caribe
70;Sucre;70110;Buenavista;146,21;11469;22;Región Caribe
70;Sucre;70124;Caimito;428,84;17392;77,6;Región Caribe
70;Sucre;70204;Coloso;124,14;9522;58,6;Región Caribe
70;Sucre;70215;Corozal;292,42;72063;25,5;Región Caribe
70;Sucre;70221;Coveñas;61,11;21626;42;Región Caribe
70;Sucre;70230;Chalán;85,56;4897;37,8;Región Caribe
70;Sucre;70233;El roble;202,1;10551;58,7;Región Caribe
70;Sucre;70235;Galeras;353,63;24801;48;Región Caribe
70;Sucre;70265;Guaranda;344,86;19364;62,1;Región Caribe
70;Sucre;70400;La unión;211,03;14662;54,2;Región Caribe
70;Sucre;70418;Los palmitos;189,96;25179;53,8;Región Caribe
70;Sucre;70429;Majagual;907,6;42660;73,9;Región Caribe
70;Sucre;70473;Morroa;159,41;16734;41,6;Región Caribe
70;Sucre;70508;Ovejas;492,86;24361;52,1;Región Caribe
70;Sucre;70523;Palmito;191,73;16630;68,2;Región Caribe
70;Sucre;70670;Sampués;198,37;53829;51,5;Región Caribe
70;Sucre;70678;San benito abad;1494,38;31633;81,7;Región Caribe
70;Sucre;70702;San juan de betulia;167,72;14615;51,8;Región Caribe
70;Sucre;70708;San marcos;1018,63;62967;46,6;Región Caribe
70;Sucre;70713;San onofre;997,13;57776;63,5;Región Caribe
70;Sucre;70717;San pedro;214,16;20515;36,7;Región Caribe
70;Sucre;70742;San luis de sincé;449,2;33783;28,6;Región Caribe
70;Sucre;70771;Sucre;1041,32;33360;79,1;Región Caribe
70;Sucre;70820;Santiago de tolú;284,75;35167;20,4;Región Caribe
70;Sucre;70823;Tolú viejo;311,93;23641;71,9;Región Caribe
73;Tolima;73001;Ibagué;1331,94;546003;7;Región Centro Sur
73;Tolima;73024;Alpujarra;454,89;4755;53,7;Región Centro Sur
73;Tolima;73026;Alvarado;377;9402;60,6;Región Centro Sur
73;Tolima;73030;Ambalema;222,9;6929;20,1;Región Centro Sur
73;Tolima;73043;Anzoátegui;436,53;10639;84;Región Centro Sur
73;Tolima;73055;Armero;399,79;13630;36,1;Región Centro Sur
73;Tolima;73067;Ataco;967,5;20204;73;Región Centro Sur
73;Tolima;73124;Cajamarca;521,88;19520;47,3;Región Centro Sur
73;Tolima;73148;Carmen de apicala;172,68;11267;23,9;Región Centro Sur
73;Tolima;73152;Casabianca;180,06;6469;72;Región Centro Sur
73;Tolima;73168;Chaparral;2092,47;55128;41,8;Región Centro Sur
73;Tolima;73200;Coello;316,49;8575;80,1;Región Centro Sur
73;Tolima;73217;Coyaima;704,43;23736;81;Región Centro Sur
73;Tolima;73226;Cunday;525,93;8824;70,2;Región Centro Sur
73;Tolima;73236;Dolores;632,96;8701;57,3;Región Centro Sur
73;Tolima;73268;Espinal;225,52;75639;27,1;Región Centro Sur
73;Tolima;73270;Falan;177,39;8000;74,4;Región Centro Sur
73;Tolima;73275;Flandes;91,73;30466;13;Región Centro Sur
73;Tolima;73283;Fresno;204,81;32313;47,9;Región Centro Sur
73;Tolima;73319;Guamo;553,36;35079;47,9;Región Centro Sur
73;Tolima;73347;Herveo;292,02;7743;68,3;Región Centro Sur
73;Tolima;73349;Honda;301,62;26269;5,1;Región Centro Sur
73;Tolima;73352;Icononzo;197,39;12700;68;Región Centro Sur
73;Tolima;73408;Lérida;275,5;18848;24,5;Región Centro Sur
73;Tolima;73411;Líbano;258,56;38239;34,7;Región Centro Sur
73;Tolima;73443;Mariquita;307,99;39696;25,6;Región Centro Sur
73;Tolima;73449;Melgar;195,32;38299;18;Región Centro Sur
73;Tolima;73461;Murillo;383,09;4499;56,1;Región Centro Sur
73;Tolima;73483;Natagaima;834,23;14994;44,7;Región Centro Sur
73;Tolima;73504;Ortega;993,06;34958;77,9;Región Centro Sur
73;Tolima;73520;Palocabildo;62,89;9821;67,2;Región Centro Sur
73;Tolima;73547;Piedras;346,56;7102;64,3;Región Centro Sur
73;Tolima;73555;Planadas;1833,44;27601;72;Región Centro Sur
73;Tolima;73563;Prado;416,93;8860;53,9;Región Centro Sur
73;Tolima;73585;Purificación;427,41;24185;42;Región Centro Sur
73;Tolima;73616;Rio blanco;2157,13;23540;81,6;Región Centro Sur
73;Tolima;73622;Roncesvalles;741,83;5673;64,3;Región Centro Sur
73;Tolima;73624;Rovira;792,86;22594;51,2;Región Centro Sur
73;Tolima;73671;Saldaña;208,44;15013;39,8;Región Centro Sur
73;Tolima;73675;San antonio;400,9;13592;64,5;Región Centro Sur
73;Tolima;73678;San luis;408,72;13541;70,4;Región Centro Sur
73;Tolima;73686;Santa isabel;285,83;5837;60,7;Región Centro Sur
73;Tolima;73770;Suárez;184,16;3973;57,3;Región Centro Sur
73;Tolima;73854;Valle de san juan;180,82;5559;58,7;Región Centro Sur
73;Tolima;73861;Venadillo;310,42;13324;30,6;Región Centro Sur
73;Tolima;73870;Villahermosa;260,19;9842;62,1;Región Centro Sur
73;Tolima;73873;Villarrica;397,75;5245;60,1;Región Centro Sur
76;Valle del cauca;76001;Cali;540,81;2285099;2;Región Pacífico
76;Valle del cauca;76020;Alcalá;56,92;14929;25;Región Pacífico
76;Valle del cauca;76036;Andalucía;102,11;23054;20,7;Región Pacífico
76;Valle del cauca;76041;Ansermanuevo;290,1;18399;37,9;Región Pacífico
76;Valle del cauca;76054;Argelia;89,83;5558;44,1;Región Pacífico
76;Valle del cauca;76100;Bolívar;771,3;16496;68,8;Región Pacífico
76;Valle del cauca;76109;Buenaventura;6886,44;324644;22,3;Región Pacífico
76;Valle del cauca;76111;Guadalajara de buga;764,38;133907;14,1;Región Pacífico
76;Valle del cauca;76113;Bugalagrande;370,76;26208;46,3;Región Pacífico
76;Valle del cauca;76122;Caicedonia;167,87;29646;16,4;Región Pacífico
76;Valle del cauca;76126;Calima;853,15;19461;34,5;Región Pacífico
76;Valle del cauca;76130;Candelaria;279,87;94202;71,4;Región Pacífico
76;Valle del cauca;76147;Cartago;229,77;143522;3,2;Región Pacífico
76;Valle del cauca;76233;Dagua;843,62;49864;74,3;Región Pacífico
76;Valle del cauca;76243;El íguila;193,12;9185;69,6;Región Pacífico
76;Valle del cauca;76246;El cairo;195,5;7059;50;Región Pacífico
76;Valle del cauca;76248;El cerrito;476,13;58042;35;Región Pacífico
76;Valle del cauca;76250;El dovio;233,69;9246;35,6;Región Pacífico
76;Valle del cauca;76275;Florida;417,13;58566;28,8;Región Pacífico
76;Valle del cauca;76306;Ginebra;289;25186;52,1;Región Pacífico
76;Valle del cauca;76318;Guacarí;169,27;35614;36,4;Región Pacífico
76;Valle del cauca;76364;Jamundí;668,95;181942;21,1;Región Pacífico
76;Valle del cauca;76377;La cumbre;279,28;17397;78,9;Región Pacífico
76;Valle del cauca;76400;La unión;131,32;34788;19;Región Pacífico
76;Valle del cauca;76403;La victoria;247,88;12511;22,9;Región Pacífico
76;Valle del cauca;76497;Obando;233,47;12663;23,1;Región Pacífico
76;Valle del cauca;76520;Palmira;942,87;359888;20,1;Región Pacífico
76;Valle del cauca;76563;Pradera;321,06;49487;12,1;Región Pacífico
76;Valle del cauca;76606;Restrepo;134,78;16596;31,8;Región Pacífico
76;Valle del cauca;76616;Riofrío;317,28;16014;50,2;Región Pacífico
76;Valle del cauca;76622;Roldanillo;257,15;37806;22,6;Región Pacífico
76;Valle del cauca;76670;San pedro;214,22;18196;51,8;Región Pacífico
76;Valle del cauca;76736;Sevilla;494,36;43890;22,7;Región Pacífico
76;Valle del cauca;76823;Toro;165,37;15013;29,2;Región Pacífico
76;Valle del cauca;76828;Trujillo;335,91;19790;50,3;Región Pacífico
76;Valle del cauca;76834;Tuluá;956,39;233385;17,7;Región Pacífico
76;Valle del cauca;76845;Ulloa;41,8;5847;51,6;Región Pacífico
76;Valle del cauca;76863;Versalles;217,38;7475;39,4;Región Pacífico
76;Valle del cauca;76869;Vijes;124,03;13324;35,1;Región Pacífico
76;Valle del cauca;76890;Yotoco;297,45;16466;45,8;Región Pacífico
76;Valle del cauca;76892;Yumbo;247,78;108895;12,9;Región Pacífico
76;Valle del cauca;76895;Zarzal;365,89;43252;22,8;Región Pacífico
81;Arauca;81001;Arauca;6342,97;101658;14,3;Región Llano
81;Arauca;81065;Arauquita;3201,36;64172;73,3;Región Llano
81;Arauca;81220;Cravo norte;5573,57;4631;30,1;Región Llano
81;Arauca;81300;Fortul;1088,74;24446;45,8;Región Llano
81;Arauca;81591;Puerto rondón;2126,86;5290;33,3;Región Llano
81;Arauca;81736;Saravena;998,52;65754;25;Región Llano
81;Arauca;81794;Tame;5813,76;54772;42,2;Región Llano
85;Casanare;85001;Yopal;2709,14;196758;13,3;Región Llano
85;Casanare;85010;Aguazul;1516,42;41758;25,5;Región Llano
85;Casanare;85015;Chámeza;326,85;2581;38,2;Región Llano
85;Casanare;85125;Hato corozal;5378,7;14092;52,3;Región Llano
85;Casanare;85136;La salina;190,94;1450;49,3;Región Llano
85;Casanare;85139;Maní;3439,52;18551;31,4;Región Llano
85;Casanare;85162;Monterrey;720,88;19752;27,5;Región Llano
85;Casanare;85225;Nunchía;998,25;10139;73,7;Región Llano
85;Casanare;85230;Orocué;4917,26;14280;52,6;Región Llano
85;Casanare;85250;Paz de ariporo;11255,04;41591;30,4;Región Llano
85;Casanare;85263;Pore;722,94;13068;39,1;Región Llano
85;Casanare;85279;Recetor;177,95;1601;78,2;Región Llano
85;Casanare;85300;Sabanalarga;428,14;4156;48,1;Región Llano
85;Casanare;85315;Sácama;300,23;2413;46,1;Región Llano
85;Casanare;85325;San luis de gaceno;2809,45;9135;60,8;Región Llano
85;Casanare;85400;Támara;1100,74;7181;73,2;Región Llano
85;Casanare;85410;Tauramena;2475,83;27184;35,2;Región Llano
85;Casanare;85430;Trinidad;2956,02;15432;43,9;Región Llano
85;Casanare;85440;Villanueva;913,85;40816;23,9;Región Llano
86;Putumayo;86001;Mocoa;1433,88;65894;29,9;Región Centro Sur
86;Putumayo;86219;Colón;64,12;5954;36,6;Región Centro Sur
86;Putumayo;86320;Orito;1998,85;41474;45;Región Centro Sur
86;Putumayo;86568;Puerto asís;2584,84;74264;38,5;Región Centro Sur
86;Putumayo;86569;Puerto caicedo;920,24;17244;58,4;Región Centro Sur
86;Putumayo;86571;Puerto guzmán;4320,53;39052;85;Región Centro Sur
86;Putumayo;86573;Leguízamo;11367,67;33166;53,4;Región Centro Sur
86;Putumayo;86749;Sibundoy;99,25;17211;33,4;Región Centro Sur
86;Putumayo;86755;San francisco;384,91;6419;39,4;Región Centro Sur
86;Putumayo;86757;San miguel;391,04;21564;71,5;Región Centro Sur
86;Putumayo;86760;Santiago;311,77;7917;51,5;Región Centro Sur
86;Putumayo;86865;Valle de guamez;865,96;36335;53,1;Región Centro Sur
86;Putumayo;86885;Villagarzón;1454,29;27494;38,3;Región Centro Sur
88;San andrés;88001;San andrés;25,6;56241;26,5;Región Caribe
88;San andrés;88564;Providencia;23,44;5940;42,9;Región Caribe
91;Amazonas;91001;Leticia;5717,71;55691;27,3;Región Centro Sur
91;Amazonas;91263;El encanto;10245,11;2172;100;Región Centro Sur
91;Amazonas;91405;La chorrera;11705,31;3246;100;Región Centro Sur
91;Amazonas;91407;La pedrera;13742,67;4307;100;Región Centro Sur
91;Amazonas;91430;La victoria;1490,17;702;100;Región Centro Sur
91;Amazonas;91460;Miriti paraná;18031,06;1963;100;Región Centro Sur
91;Amazonas;91530;Puerto alegría;8471,61;803;100;Región Centro Sur
91;Amazonas;91536;Puerto arica;13647,67;1119;100;Región Centro Sur
91;Amazonas;91540;Puerto nariño;1408,99;11048;58,9;Región Centro Sur
91;Amazonas;91669;Puerto santander;15036,29;1994;100;Región Centro Sur
91;Amazonas;91798;Tarapacá;9993,55;4435;100;Región Centro Sur
94;Guainía;94001;Inírida;14937,31;38767;31,9;Región Llano
94;Guainía;94343;Barranco minas;14774,28;11326;88,6;Región Llano
94;Guainía;94663;Mapiripana;0;0;0;Región Llano
94;Guainía;94883;San felipe;3038,85;2051;100;Región Llano
94;Guainía;94884;Puerto colombia;15502,64;2273;100;Región Llano
94;Guainía;94885;La guadalupe;1286,85;341;100;Región Llano
94;Guainía;94886;Cacahual;2282,77;1039;100;Región Llano
94;Guainía;94887;Pana pana;10432,74;2371;100;Región Llano
94;Guainía;94888;Morichal;8178,77;1072;100;Región Llano
95;Guaviare;95001;San josé del guaviare;15346,38;64930;30,3;Región Llano
95;Guaviare;95015;Calamar;12786,08;11935;53,4;Región Llano
95;Guaviare;95025;El retorno;11310,99;17957;73;Región Llano
95;Guaviare;95200;Miraflores;13819,34;8415;72,8;Región Llano
97;Vaupés;97001;Mitú;16089,8;35749;70;Región Llano
97;Vaupés;97161;Caruru;6122,82;3708;53,9;Región Llano
97;Vaupés;97511;Pacoa;13213,19;4918;100;Región Llano
97;Vaupés;97666;Taraira;6255,62;2658;59,1;Región Llano
97;Vaupés;97777;Papunaua;5130,56;844;100;Región Llano
97;Vaupés;97889;Yavaraté;4791,18;1265;100;Región Llano
99;Vichada;99001;Puerto carreño;12175,64;22963;23,3;Región Llano
99;Vichada;99524;La primavera;18188,76;11380;38,3;Región Llano
99;Vichada;99624;Santa rosalía;3930,63;4732;38;Región Llano
99;Vichada;99773;Cumaribo;64509,42;88392;96,5;Región Llano
